{
  "beta1": 0.8804152127412603,
  "beta2": 0.9843466913182676,
  "epsilon": 1.1203623897439277e-08,
  "lr": 0.0015363479387776812
}