{
  "beta1": 0.8453903780421853,
  "beta2": 0.9650042145407087,
  "epsilon": 1.0546926426782348e-08,
  "lr": 0.003344635548472984
}